{
  "train": {
    "accuracy": 1.0,
    "f1_macro": 1.0,
    "confusion_matrix": [
      [
        213,
        0,
        0
      ],
      [
        0,
        213,
        0
      ],
      [
        0,
        0,
        213
      ]
    ],
    "classification_report": {
      "0": {
        "precision": 1.0,
        "recall": 1.0,
        "f1-score": 1.0,
        "support": 213.0
      },
      "1": {
        "precision": 1.0,
        "recall": 1.0,
        "f1-score": 1.0,
        "support": 213.0
      },
      "2": {
        "precision": 1.0,
        "recall": 1.0,
        "f1-score": 1.0,
        "support": 213.0
      },
      "accuracy": 1.0,
      "macro avg": {
        "precision": 1.0,
        "recall": 1.0,
        "f1-score": 1.0,
        "support": 639.0
      },
      "weighted avg": {
        "precision": 1.0,
        "recall": 1.0,
        "f1-score": 1.0,
        "support": 639.0
      }
    }
  },
  "val": {
    "accuracy": 0.995,
    "f1_macro": 0.9937729262809135,
    "confusion_matrix": [
      [
        623,
        6,
        0
      ],
      [
        0,
        213,
        0
      ],
      [
        0,
        0,
        358
      ]
    ],
    "classification_report": {
      "0": {
        "precision": 1.0,
        "recall": 0.9904610492845787,
        "f1-score": 0.9952076677316294,
        "support": 629.0
      },
      "1": {
        "precision": 0.9726027397260274,
        "recall": 1.0,
        "f1-score": 0.9861111111111112,
        "support": 213.0
      },
      "2": {
        "precision": 1.0,
        "recall": 1.0,
        "f1-score": 1.0,
        "support": 358.0
      },
      "accuracy": 0.995,
      "macro avg": {
        "precision": 0.9908675799086758,
        "recall": 0.9968203497615263,
        "f1-score": 0.9937729262809135,
        "support": 1200.0
      },
      "weighted avg": {
        "precision": 0.9951369863013698,
        "recall": 0.995,
        "f1-score": 0.9950227413915513,
        "support": 1200.0
      }
    }
  }
}